--
-- PostgreSQL database dump
--

\restrict 8xmWLUee8dd4Vy9alVmpcxKG2XeMpFNXze1l6O2AVN4Pcc4IRn5pII4hxwhceu4

-- Dumped from database version 18.1
-- Dumped by pg_dump version 18.1

SET statement_timeout = 0;
SET lock_timeout = 0;
SET idle_in_transaction_session_timeout = 0;
SET transaction_timeout = 0;
SET client_encoding = 'UTF8';
SET standard_conforming_strings = on;
SELECT pg_catalog.set_config('search_path', '', false);
SET check_function_bodies = false;
SET xmloption = content;
SET client_min_messages = warning;
SET row_security = off;

--
-- Data for Name: alembic_version; Type: TABLE DATA; Schema: public; Owner: postgres
--

INSERT INTO public.alembic_version VALUES ('0001_initial_schema');


--
-- Data for Name: audit_log; Type: TABLE DATA; Schema: public; Owner: postgres
--

INSERT INTO public.audit_log VALUES (1, 'U-001', 'LOGIN', 'user:U-001', NULL, '2026-03-14 12:12:25.58277');
INSERT INTO public.audit_log VALUES (2, 'U-002', 'LOGIN', 'user:U-002', NULL, '2026-03-14 12:12:26.022552');
INSERT INTO public.audit_log VALUES (3, 'U-003', 'LOGIN', 'user:U-003', NULL, '2026-03-14 12:12:26.443993');
INSERT INTO public.audit_log VALUES (4, 'U-004', 'LOGIN', 'user:U-004', NULL, '2026-03-14 12:12:26.836289');
INSERT INTO public.audit_log VALUES (5, 'U-001', 'LOGIN', 'user:U-001', NULL, '2026-03-14 12:21:40.226352');
INSERT INTO public.audit_log VALUES (6, 'U-001', 'LOGIN', 'user:U-001', NULL, '2026-03-14 12:31:37.597033');
INSERT INTO public.audit_log VALUES (7, 'U-001', 'LOGIN', 'user:U-001', NULL, '2026-03-14 13:25:48.500941');
INSERT INTO public.audit_log VALUES (8, 'U-001', 'LOGIN', 'user:U-001', NULL, '2026-03-14 14:08:10.778058');
INSERT INTO public.audit_log VALUES (9, 'U-001', 'LOGIN', 'user:U-001', NULL, '2026-03-14 16:43:11.309474');
INSERT INTO public.audit_log VALUES (10, 'U-001', 'LOGIN', 'user:U-001', NULL, '2026-03-14 16:44:33.999406');
INSERT INTO public.audit_log VALUES (11, 'U-002', 'LOGIN', 'user:U-002', NULL, '2026-03-14 16:55:16.857505');
INSERT INTO public.audit_log VALUES (12, 'U-003', 'LOGIN', 'user:U-003', NULL, '2026-03-14 16:56:00.774887');
INSERT INTO public.audit_log VALUES (13, 'U-004', 'LOGIN', 'user:U-004', NULL, '2026-03-14 16:56:50.684086');
INSERT INTO public.audit_log VALUES (14, 'U-4C45E2AD', 'GOOGLE_LOGIN', 'user:U-4C45E2AD', NULL, '2026-03-14 17:22:36.436231');
INSERT INTO public.audit_log VALUES (15, 'U-4C45E2AD', 'GOOGLE_LOGIN', 'user:U-4C45E2AD', NULL, '2026-03-14 17:22:52.208491');
INSERT INTO public.audit_log VALUES (16, 'U-004', 'LOGIN', 'user:U-004', NULL, '2026-03-14 17:24:37.794746');
INSERT INTO public.audit_log VALUES (17, 'U-4C45E2AD', 'LOGIN', 'user:U-4C45E2AD', NULL, '2026-03-14 17:28:50.379723');
INSERT INTO public.audit_log VALUES (18, 'U-4C45E2AD', 'LOGIN', 'user:U-4C45E2AD', NULL, '2026-03-14 17:36:01.183704');
INSERT INTO public.audit_log VALUES (19, 'U-001', 'LOGIN', 'user:U-001', NULL, '2026-03-14 17:50:11.198129');
INSERT INTO public.audit_log VALUES (20, 'U-001', 'RESOLVE_CONFLICT', 'conflict:CF-001', 'Action=ACCEPT_AI, Source=AI, Notes=AI recommendation accepted — 12301 vs 58201 resolved', '2026-03-14 18:57:31.122088');
INSERT INTO public.audit_log VALUES (21, 'U-001', 'RESOLVE_CONFLICT', 'conflict:CF-003', 'Action=ACCEPT_AI, Source=AI, Notes=AI recommendation accepted — 58101 vs 58201 resolved', '2026-03-14 18:57:56.062867');
INSERT INTO public.audit_log VALUES (22, 'U-001', 'LOGIN', 'user:U-001', NULL, '2026-03-15 06:22:24.366618');
INSERT INTO public.audit_log VALUES (23, 'U-001', 'RESOLVE_CONFLICT', 'conflict:CF-002', 'Action=ACCEPT_AI, Source=AI, Notes=AI recommendation accepted — 12951 vs 11077 resolved', '2026-03-15 06:24:53.271816');
INSERT INTO public.audit_log VALUES (24, 'U-004', 'LOGIN', 'user:U-004', NULL, '2026-03-15 07:58:13.045176');
INSERT INTO public.audit_log VALUES (25, '55d6a96a-c71c-4113-8026-46c36a7e5e4b', 'ACCOUNT_SETUP', 'user:55d6a96a-c71c-4113-8026-46c36a7e5e4b', NULL, '2026-03-15 09:11:33.253981');
INSERT INTO public.audit_log VALUES (26, '55d6a96a-c71c-4113-8026-46c36a7e5e4b', 'LOGIN', 'user:55d6a96a-c71c-4113-8026-46c36a7e5e4b', NULL, '2026-03-15 09:12:49.362012');
INSERT INTO public.audit_log VALUES (27, '3a7b6b2c-5107-4c86-82dd-8da60223ee02', 'GOOGLE_LOGIN', 'user:3a7b6b2c-5107-4c86-82dd-8da60223ee02', NULL, '2026-03-15 09:15:18.151242');
INSERT INTO public.audit_log VALUES (28, '3a7b6b2c-5107-4c86-82dd-8da60223ee02', 'GOOGLE_LOGIN', 'user:3a7b6b2c-5107-4c86-82dd-8da60223ee02', NULL, '2026-03-15 09:19:37.763741');
INSERT INTO public.audit_log VALUES (29, '3a7b6b2c-5107-4c86-82dd-8da60223ee02', 'GOOGLE_LOGIN', 'user:3a7b6b2c-5107-4c86-82dd-8da60223ee02', NULL, '2026-03-15 09:19:44.420569');
INSERT INTO public.audit_log VALUES (30, '3a7b6b2c-5107-4c86-82dd-8da60223ee02', 'GOOGLE_LOGIN', 'user:3a7b6b2c-5107-4c86-82dd-8da60223ee02', NULL, '2026-03-15 09:24:29.266628');


--
-- Data for Name: trains; Type: TABLE DATA; Schema: public; Owner: postgres
--

INSERT INTO public.trains VALUES ('12301', 'Howrah Rajdhani Express', 'EXPRESS', 'NDLS', 'HWH', 'NR-42', 'RUNNING', 0, 118, 2, '2026-03-14 11:53:59.860595');
INSERT INTO public.trains VALUES ('12951', 'Mumbai Rajdhani Express', 'EXPRESS', 'NDLS', 'MMCT', 'NR-42', 'DELAYED', 14, 98, 1, '2026-03-14 11:53:59.860595');
INSERT INTO public.trains VALUES ('12002', 'Bhopal Shatabdi Express', 'EXPRESS', 'NDLS', 'BPL', 'NR-42', 'ON_TIME', 0, 110, 3, '2026-03-14 11:53:59.860595');
INSERT INTO public.trains VALUES ('11077', 'Jhelum Express', 'LOCAL', 'NDLS', 'JAT', 'NR-42', 'ON_TIME', 0, 72, 4, '2026-03-14 11:53:59.860595');
INSERT INTO public.trains VALUES ('14311', 'Ala Hazrat Express', 'LOCAL', 'BE', 'BME', 'NR-42', 'DELAYED', 22, 55, NULL, '2026-03-14 11:53:59.860595');
INSERT INTO public.trains VALUES ('63107', 'NDLS-GZB EMU Local', 'LOCAL', 'NDLS', 'GZB', 'NR-42', 'RUNNING', 4, 60, 5, '2026-03-14 11:53:59.860595');
INSERT INTO public.trains VALUES ('58101', 'Steel Freight — TATA to NDLS', 'FREIGHT', 'TATA', 'NDLS', 'NR-42', 'RUNNING', 0, 52, NULL, '2026-03-14 11:53:59.860595');
INSERT INTO public.trains VALUES ('58201', 'Cement Freight — KTE to NDLS', 'FREIGHT', 'KTE', 'NDLS', 'NR-42', 'CONFLICT', 8, 48, NULL, '2026-03-14 11:53:59.860595');
INSERT INTO public.trains VALUES ('12627', 'Karnataka Express', 'EXPRESS', 'SBC', 'NDLS', 'NR-42', 'ON_TIME', 0, 105, 2, '2026-03-14 11:53:59.860595');
INSERT INTO public.trains VALUES ('12431', 'Trivandrum Rajdhani Express', 'EXPRESS', 'NDLS', 'TVC', 'NR-42', 'SCHEDULED', 0, 0, 6, '2026-03-14 11:53:59.860595');
INSERT INTO public.trains VALUES ('12910', 'Garib Rath Express', 'EXPRESS', 'BVI', 'BDTS', 'NR-42', 'RUNNING', 6, 88, 3, '2026-03-14 11:53:59.860595');
INSERT INTO public.trains VALUES ('22691', 'Rajdhani Express (Bengaluru)', 'EXPRESS', 'SBC', 'NDLS', 'NR-42', 'ON_TIME', 0, 115, 1, '2026-03-14 11:53:59.860595');
INSERT INTO public.trains VALUES ('58301', 'Ore Freight — Rourkela to Bokaro', 'FREIGHT', 'ROU', 'BKSC', 'NR-42', 'HALTED', 35, 0, NULL, '2026-03-14 11:53:59.860595');
INSERT INTO public.trains VALUES ('12049', 'Gatimaan Express', 'EXPRESS', 'NDLS', 'AGC', 'NR-42', 'ON_TIME', 0, 160, 2, '2026-03-14 11:53:59.860595');
INSERT INTO public.trains VALUES ('04061', 'Track Inspection Special', 'MAINTENANCE', 'GWL', 'AGC', 'NR-42', 'SCHEDULED', 0, 40, NULL, '2026-03-14 11:53:59.860595');


--
-- Data for Name: conflicts; Type: TABLE DATA; Schema: public; Owner: postgres
--

INSERT INTO public.conflicts VALUES ('CF-001', '12301', '58201', 'Junction J-2 (Gwalior North)', 'HIGH', 'CROSSING', 184, 'Hold 58201 (Cement Freight) at Signal S-14 for 4 minutes. Allow 12301 (Howrah Rajdhani) to clear junction first. Estimated time saving: 18 minutes total delay.', 94, 18, '2026-03-14 11:53:59.883364', true, '2026-03-14 18:57:31.108626');
INSERT INTO public.conflicts VALUES ('CF-003', '58101', '58201', 'Loop at Dhaulpur (Signal DHO-E)', 'MEDIUM', 'LOOP', 720, 'Allow 58101 (Steel Freight) to occupy Dhaulpur loop first. Hold 58201 (Cement Freight) at Approach Signal for 8 minutes. Both trains can clear headway without further delay.', 91, 12, '2026-03-14 11:53:59.883364', true, '2026-03-14 18:57:56.061864');
INSERT INTO public.conflicts VALUES ('CF-002', '12951', '11077', 'Platform 1, Agra Cantt', 'MEDIUM', 'PLATFORM', 420, 'Reroute 11077 (Jhelum Express) to Platform 3. Platform 1 occupied by delayed 12951 (Mumbai Rajdhani) until 17:18.', 88, 9, '2026-03-14 11:53:59.883364', true, '2026-03-15 06:24:53.269294');


--
-- Data for Name: users; Type: TABLE DATA; Schema: public; Owner: postgres
--

INSERT INTO public.users VALUES ('U-001', 'controller@demo.rail', '$2b$12$HzGnexug79cwERo6jufOxOABsD3sLiN6m2.E9HfVpcqjQg/8iK97K', 'Rajesh Sharma', 'CONTROLLER', 'NR-42', true, NULL, '2026-03-14 11:53:59.8246');
INSERT INTO public.users VALUES ('U-002', 'supervisor@demo.rail', '$2b$12$HzGnexug79cwERo6jufOxOABsD3sLiN6m2.E9HfVpcqjQg/8iK97K', 'Priya Mehta', 'SUPERVISOR', 'All Zones', true, NULL, '2026-03-14 11:53:59.8246');
INSERT INTO public.users VALUES ('U-003', 'logistics@demo.rail', '$2b$12$HzGnexug79cwERo6jufOxOABsD3sLiN6m2.E9HfVpcqjQg/8iK97K', 'Arun Kumar', 'LOGISTICS', 'WR-15', true, NULL, '2026-03-14 11:53:59.8246');
INSERT INTO public.users VALUES ('U-004', 'admin@demo.rail', '$2b$12$HzGnexug79cwERo6jufOxOABsD3sLiN6m2.E9HfVpcqjQg/8iK97K', 'Vikram Singh', 'ADMIN', 'HQ', true, NULL, '2026-03-14 11:53:59.8246');
INSERT INTO public.users VALUES ('U-005', 'rajesh.sharma@railways.gov.in', '$2b$12$HzGnexug79cwERo6jufOxOABsD3sLiN6m2.E9HfVpcqjQg/8iK97K', 'Rajesh Sharma (Gov)', 'CONTROLLER', 'NR-42', true, NULL, '2026-03-14 11:53:59.8246');
INSERT INTO public.users VALUES ('U-4C45E2AD', 'grsanudeep42@gmail.com', '$2b$12$HzGnexug79cwERo6jufOxOABsD3sLiN6m2.E9HfVpcqjQg/8iK97K', 'anudeep Grs', 'ADMIN', 'NR-42', true, '107555031469355062357', '2026-03-14 17:22:36.442937');
INSERT INTO public.users VALUES ('4f69505f-c652-47a6-bf67-a2bbb6f33efd', 'sxca5665@gmail.com', '$2b$12$HzGnexug79cwERo6jufOxOABsD3sLiN6m2.E9HfVpcqjQg/8iK97K', 'test2', 'CONTROLLER', 'NR-42', false, NULL, '2026-03-15 08:39:22.326902');
INSERT INTO public.users VALUES ('de70a5c8-6326-4ba9-9d3c-0a2fae949c7c', 'abbssggs9@gmail.com', '$2b$12$HzGnexug79cwERo6jufOxOABsD3sLiN6m2.E9HfVpcqjQg/8iK97K', 'test4 ', 'SUPERVISOR', 'NR-42', false, NULL, '2026-03-15 08:57:56.817879');
INSERT INTO public.users VALUES ('55d6a96a-c71c-4113-8026-46c36a7e5e4b', 'hshsa2345@gmail.com', '$2b$12$HzGnexug79cwERo6jufOxOABsD3sLiN6m2.E9HfVpcqjQg/8iK97K', 'test5', 'LOGISTICS', 'NR-42', true, NULL, '2026-03-15 09:03:59.176374');
INSERT INTO public.users VALUES ('3a7b6b2c-5107-4c86-82dd-8da60223ee02', 'vbnv8015@gmail.com', '$2b$12$HzGnexug79cwERo6jufOxOABsD3sLiN6m2.E9HfVpcqjQg/8iK97K', 'test3', 'CONTROLLER', 'NR-42', true, '112996033320084344623', '2026-03-15 08:45:24.182839');


--
-- Data for Name: decisions; Type: TABLE DATA; Schema: public; Owner: postgres
--

INSERT INTO public.decisions VALUES ('D-3724FD43', 'CF-001', 'ACCEPT_AI', 'U-001', 'AI', 'AI recommendation accepted — 12301 vs 58201 resolved', '2026-03-14 18:57:31.196782');
INSERT INTO public.decisions VALUES ('D-AA59F06F', 'CF-003', 'ACCEPT_AI', 'U-001', 'AI', 'AI recommendation accepted — 58101 vs 58201 resolved', '2026-03-14 18:57:56.086326');
INSERT INTO public.decisions VALUES ('D-00D25C0F', 'CF-002', 'ACCEPT_AI', 'U-001', 'AI', 'AI recommendation accepted — 12951 vs 11077 resolved', '2026-03-15 06:24:53.29184');


--
-- Data for Name: schedules; Type: TABLE DATA; Schema: public; Owner: postgres
--

INSERT INTO public.schedules VALUES (1, '12301', 'New Delhi', 'NDLS', 1, NULL, '2026-03-14 06:00:00', 2, 0);
INSERT INTO public.schedules VALUES (2, '12301', 'Mathura Junction', 'MTJ', 2, '2026-03-14 07:16:00', '2026-03-14 07:18:00', 3, 141);
INSERT INTO public.schedules VALUES (3, '12301', 'Agra Cantt', 'AGC', 3, '2026-03-14 09:04:00', '2026-03-14 09:06:00', 4, 195);
INSERT INTO public.schedules VALUES (4, '12301', 'Dhaulpur', 'DHO', 4, '2026-03-14 11:20:00', '2026-03-14 11:22:00', 5, 247);
INSERT INTO public.schedules VALUES (5, '12301', 'Gwalior Junction', 'GWL', 5, '2026-03-14 14:17:00', '2026-03-14 14:19:00', 6, 321);
INSERT INTO public.schedules VALUES (6, '12301', 'Jhansi Junction', 'JHS', 6, '2026-03-14 17:58:00', '2026-03-14 18:00:00', 1, 403);
INSERT INTO public.schedules VALUES (7, '12301', 'Bhopal Junction', 'BPL', 7, '2026-03-14 23:11:00', '2026-03-14 23:16:00', 2, 571);
INSERT INTO public.schedules VALUES (8, '12951', 'New Delhi', 'NDLS', 1, NULL, '2026-03-14 16:25:00', 2, 0);
INSERT INTO public.schedules VALUES (9, '12951', 'Mathura Junction', 'MTJ', 2, '2026-03-14 17:45:00', '2026-03-14 17:47:00', 3, 141);
INSERT INTO public.schedules VALUES (10, '12951', 'Agra Cantt', 'AGC', 3, '2026-03-14 19:38:00', '2026-03-14 19:40:00', 4, 195);
INSERT INTO public.schedules VALUES (11, '12951', 'Dhaulpur', 'DHO', 4, '2026-03-14 22:01:00', '2026-03-14 22:03:00', 5, 247);
INSERT INTO public.schedules VALUES (12, '12951', 'Gwalior Junction', 'GWL', 5, '2026-03-15 01:06:00', '2026-03-15 01:08:00', 6, 321);
INSERT INTO public.schedules VALUES (13, '12951', 'Jhansi Junction', 'JHS', 6, '2026-03-15 04:58:00', '2026-03-15 05:00:00', 1, 403);
INSERT INTO public.schedules VALUES (14, '12951', 'Bhopal Junction', 'BPL', 7, '2026-03-15 10:26:00', '2026-03-15 10:31:00', 2, 571);
INSERT INTO public.schedules VALUES (15, '12002', 'New Delhi', 'NDLS', 1, NULL, '2026-03-14 06:15:00', 2, 0);
INSERT INTO public.schedules VALUES (16, '12002', 'Mathura Junction', 'MTJ', 2, '2026-03-14 07:33:00', '2026-03-14 07:35:00', 3, 141);
INSERT INTO public.schedules VALUES (17, '12002', 'Agra Cantt', 'AGC', 3, '2026-03-14 09:23:00', '2026-03-14 09:25:00', 4, 195);
INSERT INTO public.schedules VALUES (18, '12002', 'Dhaulpur', 'DHO', 4, '2026-03-14 11:42:00', '2026-03-14 11:44:00', 5, 247);
INSERT INTO public.schedules VALUES (19, '12002', 'Gwalior Junction', 'GWL', 5, '2026-03-14 14:42:00', '2026-03-14 14:44:00', 6, 321);
INSERT INTO public.schedules VALUES (20, '12002', 'Jhansi Junction', 'JHS', 6, '2026-03-14 18:27:00', '2026-03-14 18:29:00', 1, 403);
INSERT INTO public.schedules VALUES (21, '12002', 'Bhopal Junction', 'BPL', 7, '2026-03-14 23:46:00', '2026-03-14 23:51:00', 2, 571);
INSERT INTO public.schedules VALUES (22, '12627', 'New Delhi', 'NDLS', 1, NULL, '2026-03-14 07:45:00', 2, 0);
INSERT INTO public.schedules VALUES (23, '12627', 'Mathura Junction', 'MTJ', 2, '2026-03-14 09:09:00', '2026-03-14 09:11:00', 3, 141);
INSERT INTO public.schedules VALUES (24, '12627', 'Agra Cantt', 'AGC', 3, '2026-03-14 11:08:00', '2026-03-14 11:10:00', 4, 195);
INSERT INTO public.schedules VALUES (25, '12627', 'Dhaulpur', 'DHO', 4, '2026-03-14 13:38:00', '2026-03-14 13:40:00', 5, 247);
INSERT INTO public.schedules VALUES (26, '12627', 'Gwalior Junction', 'GWL', 5, '2026-03-14 16:52:00', '2026-03-14 16:54:00', 6, 321);
INSERT INTO public.schedules VALUES (27, '12627', 'Jhansi Junction', 'JHS', 6, '2026-03-14 20:55:00', '2026-03-14 20:57:00', 1, 403);
INSERT INTO public.schedules VALUES (28, '12627', 'Bhopal Junction', 'BPL', 7, '2026-03-15 02:39:00', '2026-03-15 02:44:00', 2, 571);
INSERT INTO public.schedules VALUES (29, '12431', 'New Delhi', 'NDLS', 1, NULL, '2026-03-14 20:00:00', 2, 0);
INSERT INTO public.schedules VALUES (30, '12431', 'Mathura Junction', 'MTJ', 2, '2026-03-14 21:22:00', '2026-03-14 21:24:00', 3, 141);
INSERT INTO public.schedules VALUES (31, '12431', 'Agra Cantt', 'AGC', 3, '2026-03-14 23:18:00', '2026-03-14 23:20:00', 4, 195);
INSERT INTO public.schedules VALUES (32, '12431', 'Dhaulpur', 'DHO', 4, '2026-03-15 01:45:00', '2026-03-15 01:47:00', 5, 247);
INSERT INTO public.schedules VALUES (33, '12431', 'Gwalior Junction', 'GWL', 5, '2026-03-15 04:55:00', '2026-03-15 04:57:00', 6, 321);
INSERT INTO public.schedules VALUES (34, '12431', 'Jhansi Junction', 'JHS', 6, '2026-03-15 08:54:00', '2026-03-15 08:56:00', 1, 403);
INSERT INTO public.schedules VALUES (35, '12431', 'Bhopal Junction', 'BPL', 7, '2026-03-15 14:31:00', '2026-03-15 14:36:00', 2, 571);
INSERT INTO public.schedules VALUES (36, '22691', 'New Delhi', 'NDLS', 1, NULL, '2026-03-14 08:30:00', 2, 0);
INSERT INTO public.schedules VALUES (37, '22691', 'Mathura Junction', 'MTJ', 2, '2026-03-14 09:45:00', '2026-03-14 09:47:00', 3, 141);
INSERT INTO public.schedules VALUES (38, '22691', 'Agra Cantt', 'AGC', 3, '2026-03-14 11:31:00', '2026-03-14 11:33:00', 4, 195);
INSERT INTO public.schedules VALUES (39, '22691', 'Dhaulpur', 'DHO', 4, '2026-03-14 13:45:00', '2026-03-14 13:47:00', 5, 247);
INSERT INTO public.schedules VALUES (40, '22691', 'Gwalior Junction', 'GWL', 5, '2026-03-14 16:38:00', '2026-03-14 16:40:00', 6, 321);
INSERT INTO public.schedules VALUES (41, '22691', 'Jhansi Junction', 'JHS', 6, '2026-03-14 20:15:00', '2026-03-14 20:17:00', 1, 403);
INSERT INTO public.schedules VALUES (42, '22691', 'Bhopal Junction', 'BPL', 7, '2026-03-15 01:22:00', '2026-03-15 01:27:00', 2, 571);
INSERT INTO public.schedules VALUES (43, '12910', 'New Delhi', 'NDLS', 1, NULL, '2026-03-14 09:10:00', 2, 0);
INSERT INTO public.schedules VALUES (44, '12910', 'Mathura Junction', 'MTJ', 2, '2026-03-14 10:44:00', '2026-03-14 10:46:00', 3, 141);
INSERT INTO public.schedules VALUES (45, '12910', 'Agra Cantt', 'AGC', 3, '2026-03-14 12:56:00', '2026-03-14 12:58:00', 4, 195);
INSERT INTO public.schedules VALUES (46, '12910', 'Dhaulpur', 'DHO', 4, '2026-03-14 15:42:00', '2026-03-14 15:44:00', 5, 247);
INSERT INTO public.schedules VALUES (47, '12910', 'Gwalior Junction', 'GWL', 5, '2026-03-14 19:18:00', '2026-03-14 19:20:00', 6, 321);
INSERT INTO public.schedules VALUES (48, '12910', 'Jhansi Junction', 'JHS', 6, '2026-03-14 23:48:00', '2026-03-14 23:50:00', 1, 403);
INSERT INTO public.schedules VALUES (49, '12910', 'Bhopal Junction', 'BPL', 7, '2026-03-15 06:10:00', '2026-03-15 06:15:00', 2, 571);
INSERT INTO public.schedules VALUES (50, '12049', 'New Delhi', 'NDLS', 1, NULL, '2026-03-14 10:10:00', 2, 0);
INSERT INTO public.schedules VALUES (51, '12049', 'Agra Cantt', 'AGC', 2, '2026-03-14 11:25:00', '2026-03-14 11:27:00', 3, 195);
INSERT INTO public.schedules VALUES (52, '12049', 'Bhopal Junction', 'BPL', 3, '2026-03-14 15:08:00', '2026-03-14 15:13:00', 4, 571);
INSERT INTO public.schedules VALUES (53, '11077', 'New Delhi', 'NDLS', 1, NULL, '2026-03-14 07:00:00', 2, 0);
INSERT INTO public.schedules VALUES (54, '11077', 'Mathura Junction', 'MTJ', 2, '2026-03-14 09:00:00', '2026-03-14 09:02:00', 3, 141);
INSERT INTO public.schedules VALUES (55, '11077', 'Agra Cantt', 'AGC', 3, '2026-03-14 11:49:00', '2026-03-14 11:51:00', 4, 195);
INSERT INTO public.schedules VALUES (56, '11077', 'Dhaulpur', 'DHO', 4, '2026-03-14 15:22:00', '2026-03-14 15:24:00', 5, 247);
INSERT INTO public.schedules VALUES (57, '11077', 'Gwalior Junction', 'GWL', 5, '2026-03-14 19:59:00', '2026-03-14 20:01:00', 6, 321);
INSERT INTO public.schedules VALUES (58, '11077', 'Jhansi Junction', 'JHS', 6, '2026-03-15 01:46:00', '2026-03-15 01:48:00', 1, 403);
INSERT INTO public.schedules VALUES (59, '11077', 'Bhopal Junction', 'BPL', 7, '2026-03-15 09:57:00', '2026-03-15 10:02:00', 2, 571);
INSERT INTO public.schedules VALUES (60, '14311', 'New Delhi', 'NDLS', 1, NULL, '2026-03-14 11:30:00', 2, 0);
INSERT INTO public.schedules VALUES (61, '14311', 'Agra Cantt', 'AGC', 2, '2026-03-14 14:45:00', '2026-03-14 14:47:00', 3, 195);
INSERT INTO public.schedules VALUES (62, '14311', 'Dhaulpur', 'DHO', 3, '2026-03-14 18:53:00', '2026-03-14 18:55:00', 4, 247);
INSERT INTO public.schedules VALUES (63, '14311', 'Gwalior Junction', 'GWL', 4, '2026-03-15 00:16:00', '2026-03-15 00:18:00', 5, 321);
INSERT INTO public.schedules VALUES (64, '14311', 'Jhansi Junction', 'JHS', 5, '2026-03-15 07:01:00', '2026-03-15 07:03:00', 6, 403);
INSERT INTO public.schedules VALUES (65, '14311', 'Bhopal Junction', 'BPL', 6, '2026-03-15 16:34:00', '2026-03-15 16:39:00', 1, 571);
INSERT INTO public.schedules VALUES (66, '63107', 'New Delhi', 'NDLS', 1, NULL, '2026-03-14 08:00:00', 2, 0);
INSERT INTO public.schedules VALUES (67, '63107', 'Mathura Junction', 'MTJ', 2, '2026-03-14 10:25:00', '2026-03-14 10:27:00', 3, 141);
INSERT INTO public.schedules VALUES (68, '63107', 'Agra Cantt', 'AGC', 3, '2026-03-14 13:48:00', '2026-03-14 13:50:00', 4, 195);
INSERT INTO public.schedules VALUES (69, '58101', 'New Delhi', 'NDLS', 1, NULL, '2026-03-14 03:00:00', 2, 0);
INSERT INTO public.schedules VALUES (70, '58101', 'Mathura Junction', 'MTJ', 2, '2026-03-14 05:49:00', '2026-03-14 05:51:00', 3, 141);
INSERT INTO public.schedules VALUES (71, '58101', 'Agra Cantt', 'AGC', 3, '2026-03-14 09:45:00', '2026-03-14 09:47:00', 4, 195);
INSERT INTO public.schedules VALUES (72, '58101', 'Dhaulpur', 'DHO', 4, '2026-03-14 14:43:00', '2026-03-14 14:45:00', 5, 247);
INSERT INTO public.schedules VALUES (73, '58101', 'Gwalior Junction', 'GWL', 5, '2026-03-14 21:10:00', '2026-03-14 21:12:00', 6, 321);
INSERT INTO public.schedules VALUES (74, '58101', 'Jhansi Junction', 'JHS', 6, '2026-03-15 05:15:00', '2026-03-15 05:17:00', 1, 403);
INSERT INTO public.schedules VALUES (75, '58101', 'Bhopal Junction', 'BPL', 7, '2026-03-15 16:42:00', '2026-03-15 16:47:00', 2, 571);
INSERT INTO public.schedules VALUES (76, '58201', 'New Delhi', 'NDLS', 1, NULL, '2026-03-14 04:30:00', 2, 0);
INSERT INTO public.schedules VALUES (77, '58201', 'Mathura Junction', 'MTJ', 2, '2026-03-14 07:26:00', '2026-03-14 07:28:00', 3, 141);
INSERT INTO public.schedules VALUES (78, '58201', 'Agra Cantt', 'AGC', 3, '2026-03-14 11:31:00', '2026-03-14 11:33:00', 4, 195);
INSERT INTO public.schedules VALUES (79, '58201', 'Dhaulpur', 'DHO', 4, '2026-03-14 16:41:00', '2026-03-14 16:43:00', 5, 247);
INSERT INTO public.schedules VALUES (80, '58201', 'Gwalior Junction', 'GWL', 5, '2026-03-14 23:24:00', '2026-03-14 23:26:00', 6, 321);
INSERT INTO public.schedules VALUES (81, '58201', 'Jhansi Junction', 'JHS', 6, '2026-03-15 07:49:00', '2026-03-15 07:51:00', 1, 403);
INSERT INTO public.schedules VALUES (82, '58201', 'Bhopal Junction', 'BPL', 7, '2026-03-15 19:44:00', '2026-03-15 19:49:00', 2, 571);
INSERT INTO public.schedules VALUES (83, '58301', 'New Delhi', 'NDLS', 1, NULL, '2026-03-14 05:00:00', 2, 0);
INSERT INTO public.schedules VALUES (84, '58301', 'Dhaulpur', 'DHO', 2, '2026-03-14 10:29:00', '2026-03-14 10:31:00', 3, 247);
INSERT INTO public.schedules VALUES (85, '58301', 'Gwalior Junction', 'GWL', 3, '2026-03-14 17:39:00', '2026-03-14 17:41:00', 4, 321);
INSERT INTO public.schedules VALUES (86, '58301', 'Jhansi Junction', 'JHS', 4, '2026-03-15 02:38:00', '2026-03-15 02:40:00', 5, 403);
INSERT INTO public.schedules VALUES (87, '58301', 'Bhopal Junction', 'BPL', 5, '2026-03-15 15:21:00', '2026-03-15 15:26:00', 6, 571);
INSERT INTO public.schedules VALUES (88, '04061', 'Dhaulpur', 'DHO', 1, '2026-03-14 20:10:00', '2026-03-14 20:12:00', 2, 247);
INSERT INTO public.schedules VALUES (89, '04061', 'Gwalior Junction', 'GWL', 2, '2026-03-15 04:13:00', '2026-03-15 04:15:00', 3, 321);
INSERT INTO public.schedules VALUES (90, '04061', 'Jhansi Junction', 'JHS', 3, '2026-03-15 14:19:00', '2026-03-15 14:21:00', 4, 403);
INSERT INTO public.schedules VALUES (91, '04061', 'Bhopal Junction', 'BPL', 4, '2026-03-16 04:37:00', '2026-03-16 04:42:00', 5, 571);


--
-- Data for Name: simulation_results; Type: TABLE DATA; Schema: public; Owner: postgres
--

INSERT INTO public.simulation_results VALUES (1, 'HEAVY_WEATHER', 'AGC', 120, 'MINIMIZE_DELAY', 89, 0, -89, 14, '{"status": "INFEASIBLE", "baseline_delay": 89, "optimized_delay": 0, "delay_delta": -89, "throughput_change": -2.4, "conflicts_avoided": 14, "actions": [], "simulation_id": null}', 'U-001', '2026-03-14 12:37:03.686417');
INSERT INTO public.simulation_results VALUES (2, 'HEAVY_WEATHER', 'AGC', 120, 'MINIMIZE_DELAY', 89, 1932, 1843, 0, '{"status": "OPTIMAL", "baseline_delay": 89, "optimized_delay": 1932, "delay_delta": 1843, "throughput_change": 73.3, "conflicts_avoided": 0, "actions": [{"train": "58101", "action": "Clear path \u2014 proceed immediately", "delta": 0}, {"train": "58201", "action": "Clear path \u2014 proceed immediately", "delta": -8}, {"train": "58301", "action": "Hold for 547m, then proceed", "delta": 512}, {"train": "12301", "action": "Clear path \u2014 proceed immediately", "delta": 0}, {"train": "12002", "action": "Hold for 54m, then proceed", "delta": 54}, {"train": "11077", "action": "Clear path \u2014 proceed immediately", "delta": 0}, {"train": "12627", "action": "Clear path \u2014 proceed immediately", "delta": 0}, {"train": "63107", "action": "Hold for 173m, then proceed", "delta": 169}, {"train": "22691", "action": "Clear path \u2014 proceed immediately", "delta": 0}, {"train": "12910", "action": "Clear path \u2014 proceed immediately", "delta": -6}, {"train": "12049", "action": "Clear path \u2014 proceed immediately", "delta": 0}, {"train": "14311", "action": "Clear path \u2014 proceed immediately", "delta": -22}, {"train": "12951", "action": "Clear path \u2014 proceed immediately", "delta": -14}, {"train": "12431", "action": "Clear path \u2014 proceed immediately", "delta": 0}, {"train": "04061", "action": "Hold for 1158m, then proceed", "delta": 1158}], "simulation_id": null}', 'U-001', '2026-03-15 06:31:15.058963');
INSERT INTO public.simulation_results VALUES (3, 'ENGINE_BREAKDOWN', 'AGC', 120, 'EXPRESS', 89, 1932, 1843, 0, '{"status": "OPTIMAL", "baseline_delay": 89, "optimized_delay": 1932, "delay_delta": 1843, "throughput_change": 73.3, "conflicts_avoided": 0, "actions": [{"train": "58101", "action": "Clear path \u2014 proceed immediately", "delta": 0}, {"train": "58201", "action": "Clear path \u2014 proceed immediately", "delta": -8}, {"train": "58301", "action": "Hold for 547m, then proceed", "delta": 512}, {"train": "12301", "action": "Clear path \u2014 proceed immediately", "delta": 0}, {"train": "12002", "action": "Hold for 54m, then proceed", "delta": 54}, {"train": "11077", "action": "Clear path \u2014 proceed immediately", "delta": 0}, {"train": "12627", "action": "Clear path \u2014 proceed immediately", "delta": 0}, {"train": "63107", "action": "Hold for 173m, then proceed", "delta": 169}, {"train": "22691", "action": "Clear path \u2014 proceed immediately", "delta": 0}, {"train": "12910", "action": "Clear path \u2014 proceed immediately", "delta": -6}, {"train": "12049", "action": "Clear path \u2014 proceed immediately", "delta": 0}, {"train": "14311", "action": "Clear path \u2014 proceed immediately", "delta": -22}, {"train": "12951", "action": "Clear path \u2014 proceed immediately", "delta": -14}, {"train": "12431", "action": "Clear path \u2014 proceed immediately", "delta": 0}, {"train": "04061", "action": "Hold for 1158m, then proceed", "delta": 1158}], "simulation_id": null}', 'U-001', '2026-03-15 06:32:14.488735');
INSERT INTO public.simulation_results VALUES (4, 'SIGNAL_FAILURE', 'NR-42', 120, 'THROUGHPUT', 89, 1932, 1843, 0, '{"status": "OPTIMAL", "baseline_delay": 89, "optimized_delay": 1932, "delay_delta": 1843, "throughput_change": 73.3, "conflicts_avoided": 0, "actions": [{"train": "58101", "action": "Clear path \u2014 proceed immediately", "delta": 0}, {"train": "58201", "action": "Clear path \u2014 proceed immediately", "delta": -8}, {"train": "58301", "action": "Hold for 547m, then proceed", "delta": 512}, {"train": "12301", "action": "Clear path \u2014 proceed immediately", "delta": 0}, {"train": "12002", "action": "Hold for 54m, then proceed", "delta": 54}, {"train": "11077", "action": "Clear path \u2014 proceed immediately", "delta": 0}, {"train": "12627", "action": "Clear path \u2014 proceed immediately", "delta": 0}, {"train": "63107", "action": "Hold for 173m, then proceed", "delta": 169}, {"train": "22691", "action": "Clear path \u2014 proceed immediately", "delta": 0}, {"train": "12910", "action": "Clear path \u2014 proceed immediately", "delta": -6}, {"train": "12049", "action": "Clear path \u2014 proceed immediately", "delta": 0}, {"train": "14311", "action": "Clear path \u2014 proceed immediately", "delta": -22}, {"train": "12951", "action": "Clear path \u2014 proceed immediately", "delta": -14}, {"train": "12431", "action": "Clear path \u2014 proceed immediately", "delta": 0}, {"train": "04061", "action": "Hold for 1158m, then proceed", "delta": 1158}], "simulation_id": null}', 'U-001', '2026-03-15 06:32:38.813308');
INSERT INTO public.simulation_results VALUES (5, 'HEAVY_WEATHER', 'AGC', 120, 'EXPRESS', 881, 1932, 1051, 4, '{"status": "OPTIMAL", "baseline_delay": 881, "optimized_delay": 1932, "delay_delta": 1051, "throughput_change": 73.3, "conflicts_avoided": 4, "actions": [{"train": "58101", "action": "PROCEED", "delta": -72}, {"train": "58201", "action": "PROCEED", "delta": -80}, {"train": "58301", "action": "REROUTE", "delta": 440}, {"train": "12301", "action": "PROCEED", "delta": -42}, {"train": "12002", "action": "REROUTE", "delta": 12}, {"train": "11077", "action": "PROCEED", "delta": -60}, {"train": "12627", "action": "PROCEED", "delta": -42}, {"train": "63107", "action": "REROUTE", "delta": 109}, {"train": "22691", "action": "PROCEED", "delta": -42}, {"train": "12910", "action": "PROCEED", "delta": -48}, {"train": "12049", "action": "PROCEED", "delta": -42}, {"train": "14311", "action": "PROCEED", "delta": -82}, {"train": "12951", "action": "PROCEED", "delta": -56}, {"train": "12431", "action": "PROCEED", "delta": -42}, {"train": "04061", "action": "REROUTE", "delta": 1098}], "schedule": [{"train": "58101", "train_number": "58101", "start": -119605, "end": -117439, "scheduled_arrival": -119605, "delay_minutes": 0, "action": "PROCEED", "train_name": "Steel Freight \u2014 TATA to NDLS"}, {"train": "58201", "train_number": "58201", "start": -114205, "end": -111858, "scheduled_arrival": -114205, "delay_minutes": 0, "action": "PROCEED", "train_name": "Cement Freight \u2014 KTE to NDLS"}, {"train": "58301", "train_number": "58301", "start": -111858, "end": -110316, "scheduled_arrival": -112405, "delay_minutes": 547, "action": "REROUTE", "train_name": "Ore Freight \u2014 Rourkela to Bokaro"}, {"train": "12301", "train_number": "12301", "start": -108805, "end": -107851, "scheduled_arrival": -108805, "delay_minutes": 0, "action": "PROCEED", "train_name": "Howrah Rajdhani Express"}, {"train": "12002", "train_number": "12002", "start": -107851, "end": -106827, "scheduled_arrival": -107905, "delay_minutes": 54, "action": "REROUTE", "train_name": "Bhopal Shatabdi Express"}, {"train": "11077", "train_number": "11077", "start": -105205, "end": -103640, "scheduled_arrival": -105205, "delay_minutes": 0, "action": "PROCEED", "train_name": "Jhelum Express"}, {"train": "12627", "train_number": "12627", "start": -102505, "end": -101432, "scheduled_arrival": -102505, "delay_minutes": 0, "action": "PROCEED", "train_name": "Karnataka Express"}, {"train": "63107", "train_number": "63107", "start": -101432, "end": -101096, "scheduled_arrival": -101605, "delay_minutes": 173, "action": "REROUTE", "train_name": "NDLS-GZB EMU Local"}, {"train": "22691", "train_number": "22691", "start": -99805, "end": -98826, "scheduled_arrival": -99805, "delay_minutes": 0, "action": "PROCEED", "train_name": "Rajdhani Express (Bengaluru)"}, {"train": "12910", "train_number": "12910", "start": -97405, "end": -96125, "scheduled_arrival": -97405, "delay_minutes": 0, "action": "PROCEED", "train_name": "Garib Rath Express"}, {"train": "12049", "train_number": "12049", "start": -93805, "end": -93518, "scheduled_arrival": -93805, "delay_minutes": 0, "action": "PROCEED", "train_name": "Gatimaan Express"}, {"train": "14311", "train_number": "14311", "start": -89005, "end": -87111, "scheduled_arrival": -89005, "delay_minutes": 0, "action": "PROCEED", "train_name": "Ala Hazrat Express"}, {"train": "12951", "train_number": "12951", "start": -71305, "end": -70156, "scheduled_arrival": -71305, "delay_minutes": 0, "action": "PROCEED", "train_name": "Mumbai Rajdhani Express"}, {"train": "12431", "train_number": "12431", "start": -58405, "end": -56527, "scheduled_arrival": -58405, "delay_minutes": 0, "action": "PROCEED", "train_name": "Trivandrum Rajdhani Express"}, {"train": "04061", "train_number": "04061", "start": -56527, "end": -54214, "scheduled_arrival": -57685, "delay_minutes": 1158, "action": "REROUTE", "train_name": "Track Inspection Special"}], "simulation_id": null}', 'U-001', '2026-03-15 06:43:25.299778');
INSERT INTO public.simulation_results VALUES (6, 'SIGNAL_FAILURE', 'GWL', 180, 'THROUGHPUT', 1981, 1932, -49, 4, '{"status": "OPTIMAL", "baseline_delay": 1981, "optimized_delay": 1932, "delay_delta": -49, "throughput_change": 73.3, "conflicts_avoided": 4, "actions": [{"train": "58101", "action": "PROCEED", "delta": -172}, {"train": "58201", "action": "PROCEED", "delta": -180}, {"train": "58301", "action": "REROUTE", "delta": 340}, {"train": "12301", "action": "PROCEED", "delta": -100}, {"train": "12002", "action": "REROUTE", "delta": -46}, {"train": "11077", "action": "PROCEED", "delta": -144}, {"train": "12627", "action": "PROCEED", "delta": -100}, {"train": "63107", "action": "REROUTE", "delta": 25}, {"train": "22691", "action": "PROCEED", "delta": -100}, {"train": "12910", "action": "PROCEED", "delta": -106}, {"train": "12049", "action": "PROCEED", "delta": -100}, {"train": "14311", "action": "PROCEED", "delta": -166}, {"train": "12951", "action": "PROCEED", "delta": -114}, {"train": "12431", "action": "PROCEED", "delta": -100}, {"train": "04061", "action": "REROUTE", "delta": 1014}], "schedule": [{"train": "58101", "train_number": "58101", "start": -119654, "end": -117488, "scheduled_arrival": -119654, "delay_minutes": 0, "action": "PROCEED", "train_name": "Steel Freight \u2014 TATA to NDLS"}, {"train": "58201", "train_number": "58201", "start": -114254, "end": -111907, "scheduled_arrival": -114254, "delay_minutes": 0, "action": "PROCEED", "train_name": "Cement Freight \u2014 KTE to NDLS"}, {"train": "58301", "train_number": "58301", "start": -111907, "end": -110365, "scheduled_arrival": -112454, "delay_minutes": 547, "action": "REROUTE", "train_name": "Ore Freight \u2014 Rourkela to Bokaro"}, {"train": "12301", "train_number": "12301", "start": -108854, "end": -107900, "scheduled_arrival": -108854, "delay_minutes": 0, "action": "PROCEED", "train_name": "Howrah Rajdhani Express"}, {"train": "12002", "train_number": "12002", "start": -107900, "end": -106876, "scheduled_arrival": -107954, "delay_minutes": 54, "action": "REROUTE", "train_name": "Bhopal Shatabdi Express"}, {"train": "11077", "train_number": "11077", "start": -105254, "end": -103689, "scheduled_arrival": -105254, "delay_minutes": 0, "action": "PROCEED", "train_name": "Jhelum Express"}, {"train": "12627", "train_number": "12627", "start": -102554, "end": -101481, "scheduled_arrival": -102554, "delay_minutes": 0, "action": "PROCEED", "train_name": "Karnataka Express"}, {"train": "63107", "train_number": "63107", "start": -101481, "end": -101145, "scheduled_arrival": -101654, "delay_minutes": 173, "action": "REROUTE", "train_name": "NDLS-GZB EMU Local"}, {"train": "22691", "train_number": "22691", "start": -99854, "end": -98875, "scheduled_arrival": -99854, "delay_minutes": 0, "action": "PROCEED", "train_name": "Rajdhani Express (Bengaluru)"}, {"train": "12910", "train_number": "12910", "start": -97454, "end": -96174, "scheduled_arrival": -97454, "delay_minutes": 0, "action": "PROCEED", "train_name": "Garib Rath Express"}, {"train": "12049", "train_number": "12049", "start": -93854, "end": -93567, "scheduled_arrival": -93854, "delay_minutes": 0, "action": "PROCEED", "train_name": "Gatimaan Express"}, {"train": "14311", "train_number": "14311", "start": -89054, "end": -87160, "scheduled_arrival": -89054, "delay_minutes": 0, "action": "PROCEED", "train_name": "Ala Hazrat Express"}, {"train": "12951", "train_number": "12951", "start": -71354, "end": -70205, "scheduled_arrival": -71354, "delay_minutes": 0, "action": "PROCEED", "train_name": "Mumbai Rajdhani Express"}, {"train": "12431", "train_number": "12431", "start": -58454, "end": -56576, "scheduled_arrival": -58454, "delay_minutes": 0, "action": "PROCEED", "train_name": "Trivandrum Rajdhani Express"}, {"train": "04061", "train_number": "04061", "start": -56576, "end": -54263, "scheduled_arrival": -57734, "delay_minutes": 1158, "action": "REROUTE", "train_name": "Track Inspection Special"}], "simulation_id": null}', 'U-001', '2026-03-15 06:44:14.868351');
INSERT INTO public.simulation_results VALUES (7, 'HEAVY_WEATHER', 'GWL', 180, 'EXPRESS', 1269, 1932, 663, 4, '{"status": "OPTIMAL", "baseline_delay": 1269, "optimized_delay": 1932, "delay_delta": 663, "throughput_change": 73.3, "conflicts_avoided": 4, "actions": [{"train": "58101", "action": "PROCEED", "delta": -108}, {"train": "58201", "action": "PROCEED", "delta": -116}, {"train": "58301", "action": "REROUTE", "delta": 404}, {"train": "12301", "action": "PROCEED", "delta": -62}, {"train": "12002", "action": "REROUTE", "delta": -8}, {"train": "11077", "action": "PROCEED", "delta": -90}, {"train": "12627", "action": "PROCEED", "delta": -62}, {"train": "63107", "action": "REROUTE", "delta": 79}, {"train": "22691", "action": "PROCEED", "delta": -62}, {"train": "12910", "action": "PROCEED", "delta": -68}, {"train": "12049", "action": "PROCEED", "delta": -62}, {"train": "14311", "action": "PROCEED", "delta": -112}, {"train": "12951", "action": "PROCEED", "delta": -76}, {"train": "12431", "action": "PROCEED", "delta": -62}, {"train": "04061", "action": "REROUTE", "delta": 1068}], "schedule": [{"train": "58101", "train_number": "58101", "start": -119784, "end": -117618, "scheduled_arrival": -119784, "delay_minutes": 0, "action": "PROCEED", "train_name": "Steel Freight \u2014 TATA to NDLS"}, {"train": "58201", "train_number": "58201", "start": -114384, "end": -112037, "scheduled_arrival": -114384, "delay_minutes": 0, "action": "PROCEED", "train_name": "Cement Freight \u2014 KTE to NDLS"}, {"train": "58301", "train_number": "58301", "start": -112037, "end": -110495, "scheduled_arrival": -112584, "delay_minutes": 547, "action": "REROUTE", "train_name": "Ore Freight \u2014 Rourkela to Bokaro"}, {"train": "12301", "train_number": "12301", "start": -108984, "end": -108030, "scheduled_arrival": -108984, "delay_minutes": 0, "action": "PROCEED", "train_name": "Howrah Rajdhani Express"}, {"train": "12002", "train_number": "12002", "start": -108030, "end": -107006, "scheduled_arrival": -108084, "delay_minutes": 54, "action": "REROUTE", "train_name": "Bhopal Shatabdi Express"}, {"train": "11077", "train_number": "11077", "start": -105384, "end": -103819, "scheduled_arrival": -105384, "delay_minutes": 0, "action": "PROCEED", "train_name": "Jhelum Express"}, {"train": "12627", "train_number": "12627", "start": -102684, "end": -101611, "scheduled_arrival": -102684, "delay_minutes": 0, "action": "PROCEED", "train_name": "Karnataka Express"}, {"train": "63107", "train_number": "63107", "start": -101611, "end": -101275, "scheduled_arrival": -101784, "delay_minutes": 173, "action": "REROUTE", "train_name": "NDLS-GZB EMU Local"}, {"train": "22691", "train_number": "22691", "start": -99984, "end": -99005, "scheduled_arrival": -99984, "delay_minutes": 0, "action": "PROCEED", "train_name": "Rajdhani Express (Bengaluru)"}, {"train": "12910", "train_number": "12910", "start": -97584, "end": -96304, "scheduled_arrival": -97584, "delay_minutes": 0, "action": "PROCEED", "train_name": "Garib Rath Express"}, {"train": "12049", "train_number": "12049", "start": -93984, "end": -93697, "scheduled_arrival": -93984, "delay_minutes": 0, "action": "PROCEED", "train_name": "Gatimaan Express"}, {"train": "14311", "train_number": "14311", "start": -89184, "end": -87290, "scheduled_arrival": -89184, "delay_minutes": 0, "action": "PROCEED", "train_name": "Ala Hazrat Express"}, {"train": "12951", "train_number": "12951", "start": -71484, "end": -70335, "scheduled_arrival": -71484, "delay_minutes": 0, "action": "PROCEED", "train_name": "Mumbai Rajdhani Express"}, {"train": "12431", "train_number": "12431", "start": -58584, "end": -56706, "scheduled_arrival": -58584, "delay_minutes": 0, "action": "PROCEED", "train_name": "Trivandrum Rajdhani Express"}, {"train": "04061", "train_number": "04061", "start": -56706, "end": -54393, "scheduled_arrival": -57864, "delay_minutes": 1158, "action": "REROUTE", "train_name": "Track Inspection Special"}], "simulation_id": null}', 'U-001', '2026-03-15 06:46:24.127979');
INSERT INTO public.simulation_results VALUES (8, 'HEAVY_WEATHER', 'NR-42', 109, 'MINIMIZE_DELAY', 793, 1932, 1139, 4, '{"status": "OPTIMAL", "baseline_delay": 793, "optimized_delay": 1932, "delay_delta": 1139, "throughput_change": 73.3, "conflicts_avoided": 4, "actions": [{"train": "58101", "action": "PROCEED", "delta": -64}, {"train": "58201", "action": "PROCEED", "delta": -72}, {"train": "58301", "action": "REROUTE", "delta": 448}, {"train": "12301", "action": "PROCEED", "delta": -37}, {"train": "12002", "action": "REROUTE", "delta": 17}, {"train": "11077", "action": "PROCEED", "delta": -54}, {"train": "12627", "action": "PROCEED", "delta": -37}, {"train": "63107", "action": "REROUTE", "delta": 115}, {"train": "22691", "action": "PROCEED", "delta": -37}, {"train": "12910", "action": "PROCEED", "delta": -43}, {"train": "12049", "action": "PROCEED", "delta": -37}, {"train": "14311", "action": "PROCEED", "delta": -76}, {"train": "12951", "action": "PROCEED", "delta": -51}, {"train": "12431", "action": "PROCEED", "delta": -37}, {"train": "04061", "action": "REROUTE", "delta": 1104}], "schedule": [{"train": "58101", "train_number": "58101", "start": -119832, "end": -117666, "scheduled_arrival": -119832, "delay_minutes": 0, "action": "PROCEED", "train_name": "Steel Freight \u2014 TATA to NDLS"}, {"train": "58201", "train_number": "58201", "start": -114432, "end": -112085, "scheduled_arrival": -114432, "delay_minutes": 0, "action": "PROCEED", "train_name": "Cement Freight \u2014 KTE to NDLS"}, {"train": "58301", "train_number": "58301", "start": -112085, "end": -110543, "scheduled_arrival": -112632, "delay_minutes": 547, "action": "REROUTE", "train_name": "Ore Freight \u2014 Rourkela to Bokaro"}, {"train": "12301", "train_number": "12301", "start": -109032, "end": -108078, "scheduled_arrival": -109032, "delay_minutes": 0, "action": "PROCEED", "train_name": "Howrah Rajdhani Express"}, {"train": "12002", "train_number": "12002", "start": -108078, "end": -107054, "scheduled_arrival": -108132, "delay_minutes": 54, "action": "REROUTE", "train_name": "Bhopal Shatabdi Express"}, {"train": "11077", "train_number": "11077", "start": -105432, "end": -103867, "scheduled_arrival": -105432, "delay_minutes": 0, "action": "PROCEED", "train_name": "Jhelum Express"}, {"train": "12627", "train_number": "12627", "start": -102732, "end": -101659, "scheduled_arrival": -102732, "delay_minutes": 0, "action": "PROCEED", "train_name": "Karnataka Express"}, {"train": "63107", "train_number": "63107", "start": -101659, "end": -101323, "scheduled_arrival": -101832, "delay_minutes": 173, "action": "REROUTE", "train_name": "NDLS-GZB EMU Local"}, {"train": "22691", "train_number": "22691", "start": -100032, "end": -99053, "scheduled_arrival": -100032, "delay_minutes": 0, "action": "PROCEED", "train_name": "Rajdhani Express (Bengaluru)"}, {"train": "12910", "train_number": "12910", "start": -97632, "end": -96352, "scheduled_arrival": -97632, "delay_minutes": 0, "action": "PROCEED", "train_name": "Garib Rath Express"}, {"train": "12049", "train_number": "12049", "start": -94032, "end": -93745, "scheduled_arrival": -94032, "delay_minutes": 0, "action": "PROCEED", "train_name": "Gatimaan Express"}, {"train": "14311", "train_number": "14311", "start": -89232, "end": -87338, "scheduled_arrival": -89232, "delay_minutes": 0, "action": "PROCEED", "train_name": "Ala Hazrat Express"}, {"train": "12951", "train_number": "12951", "start": -71532, "end": -70383, "scheduled_arrival": -71532, "delay_minutes": 0, "action": "PROCEED", "train_name": "Mumbai Rajdhani Express"}, {"train": "12431", "train_number": "12431", "start": -58632, "end": -56754, "scheduled_arrival": -58632, "delay_minutes": 0, "action": "PROCEED", "train_name": "Trivandrum Rajdhani Express"}, {"train": "04061", "train_number": "04061", "start": -56754, "end": -54441, "scheduled_arrival": -57912, "delay_minutes": 1158, "action": "REROUTE", "train_name": "Track Inspection Special"}], "simulation_id": null}', 'U-001', '2026-03-15 06:47:12.882163');
INSERT INTO public.simulation_results VALUES (9, 'MAINTENANCE', 'GWL', 120, 'THROUGHPUT', 89, 1932, 1843, 4, '{"status": "OPTIMAL", "baseline_delay": 89, "optimized_delay": 1932, "delay_delta": 1843, "throughput_change": 73.3, "conflicts_avoided": 4, "actions": [{"train": "58101", "action": "PROCEED", "delta": -2}, {"train": "58201", "action": "PROCEED", "delta": -2}, {"train": "58301", "action": "REROUTE", "delta": 545}, {"train": "12301", "action": "PROCEED", "delta": -1}, {"train": "12002", "action": "REROUTE", "delta": 53}, {"train": "11077", "action": "PROCEED", "delta": -2}, {"train": "12627", "action": "PROCEED", "delta": -1}, {"train": "63107", "action": "REROUTE", "delta": 171}, {"train": "22691", "action": "PROCEED", "delta": -1}, {"train": "12910", "action": "PROCEED", "delta": -1}, {"train": "12049", "action": "PROCEED", "delta": -1}, {"train": "14311", "action": "PROCEED", "delta": -2}, {"train": "12951", "action": "PROCEED", "delta": -1}, {"train": "12431", "action": "PROCEED", "delta": -1}, {"train": "04061", "action": "REROUTE", "delta": 1156}], "schedule": [{"train": "58101", "train_number": "58101", "start": -120329, "end": -118163, "scheduled_arrival": -120329, "delay_minutes": 0, "action": "PROCEED", "train_name": "Steel Freight \u2014 TATA to NDLS"}, {"train": "58201", "train_number": "58201", "start": -114929, "end": -112582, "scheduled_arrival": -114929, "delay_minutes": 0, "action": "PROCEED", "train_name": "Cement Freight \u2014 KTE to NDLS"}, {"train": "58301", "train_number": "58301", "start": -112582, "end": -111040, "scheduled_arrival": -113129, "delay_minutes": 547, "action": "REROUTE", "train_name": "Ore Freight \u2014 Rourkela to Bokaro"}, {"train": "12301", "train_number": "12301", "start": -109529, "end": -108575, "scheduled_arrival": -109529, "delay_minutes": 0, "action": "PROCEED", "train_name": "Howrah Rajdhani Express"}, {"train": "12002", "train_number": "12002", "start": -108575, "end": -107551, "scheduled_arrival": -108629, "delay_minutes": 54, "action": "REROUTE", "train_name": "Bhopal Shatabdi Express"}, {"train": "11077", "train_number": "11077", "start": -105929, "end": -104364, "scheduled_arrival": -105929, "delay_minutes": 0, "action": "PROCEED", "train_name": "Jhelum Express"}, {"train": "12627", "train_number": "12627", "start": -103229, "end": -102156, "scheduled_arrival": -103229, "delay_minutes": 0, "action": "PROCEED", "train_name": "Karnataka Express"}, {"train": "63107", "train_number": "63107", "start": -102156, "end": -101820, "scheduled_arrival": -102329, "delay_minutes": 173, "action": "REROUTE", "train_name": "NDLS-GZB EMU Local"}, {"train": "22691", "train_number": "22691", "start": -100529, "end": -99550, "scheduled_arrival": -100529, "delay_minutes": 0, "action": "PROCEED", "train_name": "Rajdhani Express (Bengaluru)"}, {"train": "12910", "train_number": "12910", "start": -98129, "end": -96849, "scheduled_arrival": -98129, "delay_minutes": 0, "action": "PROCEED", "train_name": "Garib Rath Express"}, {"train": "12049", "train_number": "12049", "start": -94529, "end": -94242, "scheduled_arrival": -94529, "delay_minutes": 0, "action": "PROCEED", "train_name": "Gatimaan Express"}, {"train": "14311", "train_number": "14311", "start": -89729, "end": -87835, "scheduled_arrival": -89729, "delay_minutes": 0, "action": "PROCEED", "train_name": "Ala Hazrat Express"}, {"train": "12951", "train_number": "12951", "start": -72029, "end": -70880, "scheduled_arrival": -72029, "delay_minutes": 0, "action": "PROCEED", "train_name": "Mumbai Rajdhani Express"}, {"train": "12431", "train_number": "12431", "start": -59129, "end": -57251, "scheduled_arrival": -59129, "delay_minutes": 0, "action": "PROCEED", "train_name": "Trivandrum Rajdhani Express"}, {"train": "04061", "train_number": "04061", "start": -57251, "end": -54938, "scheduled_arrival": -58409, "delay_minutes": 1158, "action": "REROUTE", "train_name": "Track Inspection Special"}], "simulation_id": null}', 'U-001', '2026-03-15 06:55:29.69043');
INSERT INTO public.simulation_results VALUES (10, 'ENGINE_BREAKDOWN', 'AGC', 180, 'EXPRESS', 0, 0, 0, 0, '{"status": "OPTIMAL", "baseline_delay": 0, "optimized_delay": 0, "delay_delta": 0, "throughput_change": 100.0, "conflicts_avoided": 0, "actions": [{"train": "12627", "action": "PROCEED", "delta": -3}], "schedule": [{"train": "12627", "train_number": "12627", "start": -103313, "end": -102240, "scheduled_arrival": -103313, "delay_minutes": 0, "action": "PROCEED", "train_name": "Karnataka Express"}], "simulation_id": null}', 'U-001', '2026-03-15 06:56:53.706285');
INSERT INTO public.simulation_results VALUES (11, 'HEAVY_WEATHER', 'AGC', 60, 'MINIMIZE_DELAY', 89, 0, -89, 0, '{"status": "MODEL_INVALID", "baseline_delay": 89, "optimized_delay": 0, "delay_delta": -89, "throughput_change": 100.0, "conflicts_avoided": 0, "actions": [], "schedule": [], "simulation_id": null}', 'U-001', '2026-03-15 07:01:00.360855');
INSERT INTO public.simulation_results VALUES (12, 'HEAVY_WEATHER', 'AGC', 60, 'MINIMIZE_DELAY', 89, 0, -89, 0, '{"status": "MODEL_INVALID", "baseline_delay": 89, "optimized_delay": 0, "delay_delta": -89, "throughput_change": 100.0, "conflicts_avoided": 0, "actions": [], "schedule": [], "simulation_id": null}', 'U-001', '2026-03-15 07:01:09.118773');
INSERT INTO public.simulation_results VALUES (13, 'ENGINE_BREAKDOWN', 'GWL', 120, 'MINIMIZE_DELAY', 0, 0, 0, 0, '{"status": "OPTIMAL", "baseline_delay": 0, "optimized_delay": 0, "delay_delta": 0, "throughput_change": 100.0, "conflicts_avoided": 0, "actions": [{"train": "04061", "action": "PROCEED", "delta": -3}], "schedule": [{"train": "04061", "train_number": "04061", "start": 0, "end": 2313, "scheduled_arrival": 0, "delay_minutes": 0, "action": "PROCEED", "train_name": "Track Inspection Special"}], "simulation_id": null}', 'U-001', '2026-03-15 07:01:53.733436');
INSERT INTO public.simulation_results VALUES (14, 'HEAVY_WEATHER', 'AGC', 30, 'EXPRESS', 89, 0, -89, 0, '{"status": "MODEL_INVALID", "baseline_delay": 89, "optimized_delay": 0, "delay_delta": -89, "throughput_change": 100.0, "conflicts_avoided": 0, "actions": [], "schedule": [], "simulation_id": null}', 'U-001', '2026-03-15 07:02:39.954507');
INSERT INTO public.simulation_results VALUES (15, 'ENGINE_BREAKDOWN', 'AGC', 180, 'EXPRESS', 89, 0, -89, 0, '{"status": "MODEL_INVALID", "baseline_delay": 89, "optimized_delay": 0, "delay_delta": -89, "throughput_change": 100.0, "conflicts_avoided": 0, "actions": [], "schedule": [], "simulation_id": null}', 'U-001', '2026-03-15 07:03:01.375853');
INSERT INTO public.simulation_results VALUES (16, 'HEAVY_WEATHER', 'AGC', 60, 'MINIMIZE_DELAY', 485, 1932, 1447, 4, '{"status": "OPTIMAL", "baseline_delay": 485, "optimized_delay": 1932, "delay_delta": 1447, "throughput_change": 73.3, "conflicts_avoided": 4, "actions": [{"train": "58101", "action": "PROCEED", "delta": 0}, {"train": "58201", "action": "PROCEED", "delta": 0}, {"train": "58301", "action": "REROUTE", "delta": 546}, {"train": "12301", "action": "PROCEED", "delta": 0}, {"train": "12002", "action": "REROUTE", "delta": 54}, {"train": "11077", "action": "PROCEED", "delta": 0}, {"train": "12627", "action": "PROCEED", "delta": 0}, {"train": "63107", "action": "REROUTE", "delta": 173}, {"train": "22691", "action": "PROCEED", "delta": 0}, {"train": "12910", "action": "PROCEED", "delta": 0}, {"train": "12049", "action": "PROCEED", "delta": 0}, {"train": "14311", "action": "PROCEED", "delta": 0}, {"train": "12951", "action": "PROCEED", "delta": 0}, {"train": "12431", "action": "PROCEED", "delta": 0}, {"train": "04061", "action": "REROUTE", "delta": 1158}], "schedule": [{"train": "58101", "train_number": "58101", "start": 0, "end": 2166, "scheduled_arrival": 0, "delay_minutes": 0, "action": "PROCEED", "train_name": "Steel Freight \u2014 TATA to NDLS"}, {"train": "58201", "train_number": "58201", "start": 5400, "end": 7747, "scheduled_arrival": 5400, "delay_minutes": 0, "action": "PROCEED", "train_name": "Cement Freight \u2014 KTE to NDLS"}, {"train": "58301", "train_number": "58301", "start": 7747, "end": 9289, "scheduled_arrival": 7200, "delay_minutes": 547, "action": "REROUTE", "train_name": "Ore Freight \u2014 Rourkela to Bokaro"}, {"train": "12301", "train_number": "12301", "start": 10800, "end": 11754, "scheduled_arrival": 10800, "delay_minutes": 0, "action": "PROCEED", "train_name": "Howrah Rajdhani Express"}, {"train": "12002", "train_number": "12002", "start": 11754, "end": 12778, "scheduled_arrival": 11700, "delay_minutes": 54, "action": "REROUTE", "train_name": "Bhopal Shatabdi Express"}, {"train": "11077", "train_number": "11077", "start": 14400, "end": 15965, "scheduled_arrival": 14400, "delay_minutes": 0, "action": "PROCEED", "train_name": "Jhelum Express"}, {"train": "12627", "train_number": "12627", "start": 17100, "end": 18173, "scheduled_arrival": 17100, "delay_minutes": 0, "action": "PROCEED", "train_name": "Karnataka Express"}, {"train": "63107", "train_number": "63107", "start": 18173, "end": 18509, "scheduled_arrival": 18000, "delay_minutes": 173, "action": "REROUTE", "train_name": "NDLS-GZB EMU Local"}, {"train": "22691", "train_number": "22691", "start": 19800, "end": 20779, "scheduled_arrival": 19800, "delay_minutes": 0, "action": "PROCEED", "train_name": "Rajdhani Express (Bengaluru)"}, {"train": "12910", "train_number": "12910", "start": 22200, "end": 23480, "scheduled_arrival": 22200, "delay_minutes": 0, "action": "PROCEED", "train_name": "Garib Rath Express"}, {"train": "12049", "train_number": "12049", "start": 25800, "end": 26087, "scheduled_arrival": 25800, "delay_minutes": 0, "action": "PROCEED", "train_name": "Gatimaan Express"}, {"train": "14311", "train_number": "14311", "start": 30600, "end": 32494, "scheduled_arrival": 30600, "delay_minutes": 0, "action": "PROCEED", "train_name": "Ala Hazrat Express"}, {"train": "12951", "train_number": "12951", "start": 48300, "end": 49449, "scheduled_arrival": 48300, "delay_minutes": 0, "action": "PROCEED", "train_name": "Mumbai Rajdhani Express"}, {"train": "12431", "train_number": "12431", "start": 61200, "end": 63078, "scheduled_arrival": 61200, "delay_minutes": 0, "action": "PROCEED", "train_name": "Trivandrum Rajdhani Express"}, {"train": "04061", "train_number": "04061", "start": 63078, "end": 65391, "scheduled_arrival": 61920, "delay_minutes": 1158, "action": "REROUTE", "train_name": "Track Inspection Special"}], "simulation_id": null}', 'U-001', '2026-03-15 07:09:07.513554');
INSERT INTO public.simulation_results VALUES (17, 'ENGINE_BREAKDOWN', 'AGC', 180, 'MINIMIZE_DELAY', 3653, 1932, -1721, 4, '{"status": "OPTIMAL", "baseline_delay": 3653, "optimized_delay": 1932, "delay_delta": -1721, "throughput_change": 73.3, "conflicts_avoided": 4, "actions": [{"train": "58101", "action": "PROCEED", "delta": -5}, {"train": "58201", "action": "PROCEED", "delta": -5}, {"train": "58301", "action": "REROUTE", "delta": 542}, {"train": "12301", "action": "PROCEED", "delta": -3}, {"train": "12002", "action": "REROUTE", "delta": 51}, {"train": "11077", "action": "PROCEED", "delta": -4}, {"train": "12627", "action": "PROCEED", "delta": -3}, {"train": "63107", "action": "REROUTE", "delta": 169}, {"train": "22691", "action": "PROCEED", "delta": -3}, {"train": "12910", "action": "PROCEED", "delta": -3}, {"train": "12049", "action": "PROCEED", "delta": -3}, {"train": "14311", "action": "PROCEED", "delta": -4}, {"train": "12951", "action": "PROCEED", "delta": -3}, {"train": "12431", "action": "PROCEED", "delta": -3}, {"train": "04061", "action": "REROUTE", "delta": 1154}], "schedule": [{"train": "58101", "train_number": "58101", "start": 0, "end": 2166, "scheduled_arrival": 0, "delay_minutes": 0, "action": "PROCEED", "train_name": "Steel Freight \u2014 TATA to NDLS"}, {"train": "58201", "train_number": "58201", "start": 5400, "end": 7747, "scheduled_arrival": 5400, "delay_minutes": 0, "action": "PROCEED", "train_name": "Cement Freight \u2014 KTE to NDLS"}, {"train": "58301", "train_number": "58301", "start": 7747, "end": 9289, "scheduled_arrival": 7200, "delay_minutes": 547, "action": "REROUTE", "train_name": "Ore Freight \u2014 Rourkela to Bokaro"}, {"train": "12301", "train_number": "12301", "start": 10800, "end": 11754, "scheduled_arrival": 10800, "delay_minutes": 0, "action": "PROCEED", "train_name": "Howrah Rajdhani Express"}, {"train": "12002", "train_number": "12002", "start": 11754, "end": 12778, "scheduled_arrival": 11700, "delay_minutes": 54, "action": "REROUTE", "train_name": "Bhopal Shatabdi Express"}, {"train": "11077", "train_number": "11077", "start": 14400, "end": 15965, "scheduled_arrival": 14400, "delay_minutes": 0, "action": "PROCEED", "train_name": "Jhelum Express"}, {"train": "12627", "train_number": "12627", "start": 17100, "end": 18173, "scheduled_arrival": 17100, "delay_minutes": 0, "action": "PROCEED", "train_name": "Karnataka Express"}, {"train": "63107", "train_number": "63107", "start": 18173, "end": 18509, "scheduled_arrival": 18000, "delay_minutes": 173, "action": "REROUTE", "train_name": "NDLS-GZB EMU Local"}, {"train": "22691", "train_number": "22691", "start": 19800, "end": 20779, "scheduled_arrival": 19800, "delay_minutes": 0, "action": "PROCEED", "train_name": "Rajdhani Express (Bengaluru)"}, {"train": "12910", "train_number": "12910", "start": 22200, "end": 23480, "scheduled_arrival": 22200, "delay_minutes": 0, "action": "PROCEED", "train_name": "Garib Rath Express"}, {"train": "12049", "train_number": "12049", "start": 25800, "end": 26087, "scheduled_arrival": 25800, "delay_minutes": 0, "action": "PROCEED", "train_name": "Gatimaan Express"}, {"train": "14311", "train_number": "14311", "start": 30600, "end": 32494, "scheduled_arrival": 30600, "delay_minutes": 0, "action": "PROCEED", "train_name": "Ala Hazrat Express"}, {"train": "12951", "train_number": "12951", "start": 48300, "end": 49449, "scheduled_arrival": 48300, "delay_minutes": 0, "action": "PROCEED", "train_name": "Mumbai Rajdhani Express"}, {"train": "12431", "train_number": "12431", "start": 61200, "end": 63078, "scheduled_arrival": 61200, "delay_minutes": 0, "action": "PROCEED", "train_name": "Trivandrum Rajdhani Express"}, {"train": "04061", "train_number": "04061", "start": 63078, "end": 65391, "scheduled_arrival": 61920, "delay_minutes": 1158, "action": "REROUTE", "train_name": "Track Inspection Special"}], "simulation_id": null}', 'U-001', '2026-03-15 07:09:51.148294');
INSERT INTO public.simulation_results VALUES (18, 'ENGINE_BREAKDOWN', 'GWL', 120, 'MINIMIZE_DELAY', 180, 0, -180, 0, '{"status": "OPTIMAL", "baseline_delay": 180, "optimized_delay": 0, "delay_delta": -180, "throughput_change": 100.0, "conflicts_avoided": 0, "actions": [{"train": "04061", "action": "PROCEED", "delta": -3}], "schedule": [{"train": "04061", "train_number": "04061", "start": 0, "end": 2313, "scheduled_arrival": 0, "delay_minutes": 0, "action": "PROCEED", "train_name": "Track Inspection Special"}], "simulation_id": null}', 'U-001', '2026-03-15 07:10:35.529904');
INSERT INTO public.simulation_results VALUES (19, 'HEAVY_WEATHER', 'AGC', 60, 'MINIMIZE_DELAY', 1, 1931, 1930, 4, '{"status": "OPTIMAL", "baseline_delay": 1, "optimized_delay": 1931, "delay_delta": 1930, "throughput_change": 73.3, "conflicts_avoided": 4, "actions": [{"train": "58101", "action": "PROCEED", "delta": 0}, {"train": "58201", "action": "PROCEED", "delta": 0}, {"train": "58301", "action": "REROUTE", "delta": 545}, {"train": "12301", "action": "PROCEED", "delta": 0}, {"train": "12002", "action": "REROUTE", "delta": 54}, {"train": "11077", "action": "PROCEED", "delta": 0}, {"train": "12627", "action": "PROCEED", "delta": 0}, {"train": "63107", "action": "REROUTE", "delta": 173}, {"train": "22691", "action": "PROCEED", "delta": 0}, {"train": "12910", "action": "PROCEED", "delta": 0}, {"train": "12049", "action": "PROCEED", "delta": 0}, {"train": "14311", "action": "PROCEED", "delta": 0}, {"train": "12951", "action": "PROCEED", "delta": 0}, {"train": "12431", "action": "PROCEED", "delta": 0}, {"train": "04061", "action": "REROUTE", "delta": 1158}], "schedule": [{"train": "58101", "train_number": "58101", "start": 0, "end": 2166, "scheduled_arrival": 0, "delay_minutes": 0, "action": "PROCEED", "train_name": "Steel Freight \u2014 TATA to NDLS"}, {"train": "58201", "train_number": "58201", "start": 5400, "end": 7747, "scheduled_arrival": 5400, "delay_minutes": 0, "action": "PROCEED", "train_name": "Cement Freight \u2014 KTE to NDLS"}, {"train": "58301", "train_number": "58301", "start": 7747, "end": 9289, "scheduled_arrival": 7201, "delay_minutes": 546, "action": "REROUTE", "train_name": "Ore Freight \u2014 Rourkela to Bokaro"}, {"train": "12301", "train_number": "12301", "start": 10800, "end": 11754, "scheduled_arrival": 10800, "delay_minutes": 0, "action": "PROCEED", "train_name": "Howrah Rajdhani Express"}, {"train": "12002", "train_number": "12002", "start": 11754, "end": 12778, "scheduled_arrival": 11700, "delay_minutes": 54, "action": "REROUTE", "train_name": "Bhopal Shatabdi Express"}, {"train": "11077", "train_number": "11077", "start": 14400, "end": 15965, "scheduled_arrival": 14400, "delay_minutes": 0, "action": "PROCEED", "train_name": "Jhelum Express"}, {"train": "12627", "train_number": "12627", "start": 17100, "end": 18173, "scheduled_arrival": 17100, "delay_minutes": 0, "action": "PROCEED", "train_name": "Karnataka Express"}, {"train": "63107", "train_number": "63107", "start": 18173, "end": 18509, "scheduled_arrival": 18000, "delay_minutes": 173, "action": "REROUTE", "train_name": "NDLS-GZB EMU Local"}, {"train": "22691", "train_number": "22691", "start": 19800, "end": 20779, "scheduled_arrival": 19800, "delay_minutes": 0, "action": "PROCEED", "train_name": "Rajdhani Express (Bengaluru)"}, {"train": "12910", "train_number": "12910", "start": 22200, "end": 23480, "scheduled_arrival": 22200, "delay_minutes": 0, "action": "PROCEED", "train_name": "Garib Rath Express"}, {"train": "12049", "train_number": "12049", "start": 25800, "end": 26087, "scheduled_arrival": 25800, "delay_minutes": 0, "action": "PROCEED", "train_name": "Gatimaan Express"}, {"train": "14311", "train_number": "14311", "start": 30600, "end": 32494, "scheduled_arrival": 30600, "delay_minutes": 0, "action": "PROCEED", "train_name": "Ala Hazrat Express"}, {"train": "12951", "train_number": "12951", "start": 48300, "end": 49449, "scheduled_arrival": 48300, "delay_minutes": 0, "action": "PROCEED", "train_name": "Mumbai Rajdhani Express"}, {"train": "12431", "train_number": "12431", "start": 61200, "end": 63078, "scheduled_arrival": 61200, "delay_minutes": 0, "action": "PROCEED", "train_name": "Trivandrum Rajdhani Express"}, {"train": "04061", "train_number": "04061", "start": 63078, "end": 65391, "scheduled_arrival": 61920, "delay_minutes": 1158, "action": "REROUTE", "train_name": "Track Inspection Special"}], "simulation_id": null}', 'U-001', '2026-03-15 07:13:50.015599');
INSERT INTO public.simulation_results VALUES (20, 'ENGINE_BREAKDOWN', 'AGC', 180, 'MINIMIZE_DELAY', 55, 1930, 1875, 4, '{"status": "OPTIMAL", "baseline_delay": 55, "optimized_delay": 1930, "delay_delta": 1875, "throughput_change": 73.3, "conflicts_avoided": 4, "actions": [{"train": "58101", "action": "PROCEED", "delta": -5}, {"train": "58201", "action": "PROCEED", "delta": -5}, {"train": "58301", "action": "REROUTE", "delta": 542}, {"train": "12301", "action": "PROCEED", "delta": -3}, {"train": "12002", "action": "REROUTE", "delta": 51}, {"train": "11077", "action": "PROCEED", "delta": -4}, {"train": "12627", "action": "PROCEED", "delta": -3}, {"train": "63107", "action": "REROUTE", "delta": 168}, {"train": "22691", "action": "PROCEED", "delta": -3}, {"train": "12910", "action": "PROCEED", "delta": -3}, {"train": "12049", "action": "PROCEED", "delta": -3}, {"train": "14311", "action": "PROCEED", "delta": -4}, {"train": "12951", "action": "PROCEED", "delta": -3}, {"train": "12431", "action": "PROCEED", "delta": -3}, {"train": "04061", "action": "REROUTE", "delta": 1153}], "schedule": [{"train": "58101", "train_number": "58101", "start": 5, "end": 2171, "scheduled_arrival": 5, "delay_minutes": 0, "action": "PROCEED", "train_name": "Steel Freight \u2014 TATA to NDLS"}, {"train": "58201", "train_number": "58201", "start": 5405, "end": 7752, "scheduled_arrival": 5405, "delay_minutes": 0, "action": "PROCEED", "train_name": "Cement Freight \u2014 KTE to NDLS"}, {"train": "58301", "train_number": "58301", "start": 7752, "end": 9294, "scheduled_arrival": 7205, "delay_minutes": 547, "action": "REROUTE", "train_name": "Ore Freight \u2014 Rourkela to Bokaro"}, {"train": "12301", "train_number": "12301", "start": 10803, "end": 11757, "scheduled_arrival": 10803, "delay_minutes": 0, "action": "PROCEED", "train_name": "Howrah Rajdhani Express"}, {"train": "12002", "train_number": "12002", "start": 11757, "end": 12781, "scheduled_arrival": 11703, "delay_minutes": 54, "action": "REROUTE", "train_name": "Bhopal Shatabdi Express"}, {"train": "11077", "train_number": "11077", "start": 14404, "end": 15969, "scheduled_arrival": 14404, "delay_minutes": 0, "action": "PROCEED", "train_name": "Jhelum Express"}, {"train": "12627", "train_number": "12627", "start": 17103, "end": 18176, "scheduled_arrival": 17103, "delay_minutes": 0, "action": "PROCEED", "train_name": "Karnataka Express"}, {"train": "63107", "train_number": "63107", "start": 18176, "end": 18512, "scheduled_arrival": 18004, "delay_minutes": 172, "action": "REROUTE", "train_name": "NDLS-GZB EMU Local"}, {"train": "22691", "train_number": "22691", "start": 19803, "end": 20782, "scheduled_arrival": 19803, "delay_minutes": 0, "action": "PROCEED", "train_name": "Rajdhani Express (Bengaluru)"}, {"train": "12910", "train_number": "12910", "start": 22203, "end": 23483, "scheduled_arrival": 22203, "delay_minutes": 0, "action": "PROCEED", "train_name": "Garib Rath Express"}, {"train": "12049", "train_number": "12049", "start": 25803, "end": 26090, "scheduled_arrival": 25803, "delay_minutes": 0, "action": "PROCEED", "train_name": "Gatimaan Express"}, {"train": "14311", "train_number": "14311", "start": 30604, "end": 32498, "scheduled_arrival": 30604, "delay_minutes": 0, "action": "PROCEED", "train_name": "Ala Hazrat Express"}, {"train": "12951", "train_number": "12951", "start": 48303, "end": 49452, "scheduled_arrival": 48303, "delay_minutes": 0, "action": "PROCEED", "train_name": "Mumbai Rajdhani Express"}, {"train": "12431", "train_number": "12431", "start": 61203, "end": 63081, "scheduled_arrival": 61203, "delay_minutes": 0, "action": "PROCEED", "train_name": "Trivandrum Rajdhani Express"}, {"train": "04061", "train_number": "04061", "start": 63081, "end": 65394, "scheduled_arrival": 61924, "delay_minutes": 1157, "action": "REROUTE", "train_name": "Track Inspection Special"}], "simulation_id": null}', 'U-001', '2026-03-15 07:14:25.413163');
INSERT INTO public.simulation_results VALUES (21, 'ENGINE_BREAKDOWN', 'GWL', 120, 'MINIMIZE_DELAY', 3, 0, -3, 0, '{"status": "OPTIMAL", "baseline_delay": 3, "optimized_delay": 0, "delay_delta": -3, "throughput_change": 100.0, "conflicts_avoided": 0, "actions": [{"train": "04061", "action": "PROCEED", "delta": -3}], "schedule": [{"train": "04061", "train_number": "04061", "start": 3, "end": 2316, "scheduled_arrival": 3, "delay_minutes": 0, "action": "PROCEED", "train_name": "Track Inspection Special"}], "simulation_id": null}', 'U-001', '2026-03-15 07:15:08.027914');
INSERT INTO public.simulation_results VALUES (22, 'HEAVY_WEATHER', 'AGC', 60, 'MINIMIZE_DELAY', 1, 1931, 1930, 4, '{"status": "OPTIMAL", "baseline_delay": 1, "optimized_delay": 1931, "delay_delta": 1930, "throughput_change": 73.3, "conflicts_avoided": 4, "actions": [{"train": "58101", "action": "PROCEED", "delta": 0}, {"train": "58201", "action": "PROCEED", "delta": 0}, {"train": "58301", "action": "REROUTE", "delta": 545}, {"train": "12301", "action": "PROCEED", "delta": 0}, {"train": "12002", "action": "REROUTE", "delta": 54}, {"train": "11077", "action": "PROCEED", "delta": 0}, {"train": "12627", "action": "PROCEED", "delta": 0}, {"train": "63107", "action": "REROUTE", "delta": 173}, {"train": "22691", "action": "PROCEED", "delta": 0}, {"train": "12910", "action": "PROCEED", "delta": 0}, {"train": "12049", "action": "PROCEED", "delta": 0}, {"train": "14311", "action": "PROCEED", "delta": 0}, {"train": "12951", "action": "PROCEED", "delta": 0}, {"train": "12431", "action": "PROCEED", "delta": 0}, {"train": "04061", "action": "REROUTE", "delta": 1158}], "schedule": [{"train": "58101", "train_number": "58101", "start": 0, "end": 2166, "scheduled_arrival": 0, "delay_minutes": 0, "action": "PROCEED", "train_name": "Steel Freight \u2014 TATA to NDLS"}, {"train": "58201", "train_number": "58201", "start": 5400, "end": 7747, "scheduled_arrival": 5400, "delay_minutes": 0, "action": "PROCEED", "train_name": "Cement Freight \u2014 KTE to NDLS"}, {"train": "58301", "train_number": "58301", "start": 7747, "end": 9289, "scheduled_arrival": 7201, "delay_minutes": 546, "action": "REROUTE", "train_name": "Ore Freight \u2014 Rourkela to Bokaro"}, {"train": "12301", "train_number": "12301", "start": 10800, "end": 11754, "scheduled_arrival": 10800, "delay_minutes": 0, "action": "PROCEED", "train_name": "Howrah Rajdhani Express"}, {"train": "12002", "train_number": "12002", "start": 11754, "end": 12778, "scheduled_arrival": 11700, "delay_minutes": 54, "action": "REROUTE", "train_name": "Bhopal Shatabdi Express"}, {"train": "11077", "train_number": "11077", "start": 14400, "end": 15965, "scheduled_arrival": 14400, "delay_minutes": 0, "action": "PROCEED", "train_name": "Jhelum Express"}, {"train": "12627", "train_number": "12627", "start": 17100, "end": 18173, "scheduled_arrival": 17100, "delay_minutes": 0, "action": "PROCEED", "train_name": "Karnataka Express"}, {"train": "63107", "train_number": "63107", "start": 18173, "end": 18509, "scheduled_arrival": 18000, "delay_minutes": 173, "action": "REROUTE", "train_name": "NDLS-GZB EMU Local"}, {"train": "22691", "train_number": "22691", "start": 19800, "end": 20779, "scheduled_arrival": 19800, "delay_minutes": 0, "action": "PROCEED", "train_name": "Rajdhani Express (Bengaluru)"}, {"train": "12910", "train_number": "12910", "start": 22200, "end": 23480, "scheduled_arrival": 22200, "delay_minutes": 0, "action": "PROCEED", "train_name": "Garib Rath Express"}, {"train": "12049", "train_number": "12049", "start": 25800, "end": 26087, "scheduled_arrival": 25800, "delay_minutes": 0, "action": "PROCEED", "train_name": "Gatimaan Express"}, {"train": "14311", "train_number": "14311", "start": 30600, "end": 32494, "scheduled_arrival": 30600, "delay_minutes": 0, "action": "PROCEED", "train_name": "Ala Hazrat Express"}, {"train": "12951", "train_number": "12951", "start": 48300, "end": 49449, "scheduled_arrival": 48300, "delay_minutes": 0, "action": "PROCEED", "train_name": "Mumbai Rajdhani Express"}, {"train": "12431", "train_number": "12431", "start": 61200, "end": 63078, "scheduled_arrival": 61200, "delay_minutes": 0, "action": "PROCEED", "train_name": "Trivandrum Rajdhani Express"}, {"train": "04061", "train_number": "04061", "start": 63078, "end": 65391, "scheduled_arrival": 61920, "delay_minutes": 1158, "action": "REROUTE", "train_name": "Track Inspection Special"}], "simulation_id": null}', 'U-001', '2026-03-15 07:21:21.401474');
INSERT INTO public.simulation_results VALUES (23, 'ENGINE_BREAKDOWN', 'AGC', 180, 'MINIMIZE_DELAY', 55, 1930, 1875, 4, '{"status": "OPTIMAL", "baseline_delay": 55, "optimized_delay": 1930, "delay_delta": 1875, "throughput_change": 73.3, "conflicts_avoided": 4, "actions": [{"train": "58101", "action": "PROCEED", "delta": -5}, {"train": "58201", "action": "PROCEED", "delta": -5}, {"train": "58301", "action": "REROUTE", "delta": 542}, {"train": "12301", "action": "PROCEED", "delta": -3}, {"train": "12002", "action": "REROUTE", "delta": 51}, {"train": "11077", "action": "PROCEED", "delta": -4}, {"train": "12627", "action": "PROCEED", "delta": -3}, {"train": "63107", "action": "REROUTE", "delta": 168}, {"train": "22691", "action": "PROCEED", "delta": -3}, {"train": "12910", "action": "PROCEED", "delta": -3}, {"train": "12049", "action": "PROCEED", "delta": -3}, {"train": "14311", "action": "PROCEED", "delta": -4}, {"train": "12951", "action": "PROCEED", "delta": -3}, {"train": "12431", "action": "PROCEED", "delta": -3}, {"train": "04061", "action": "REROUTE", "delta": 1153}], "schedule": [{"train": "58101", "train_number": "58101", "start": 5, "end": 2171, "scheduled_arrival": 5, "delay_minutes": 0, "action": "PROCEED", "train_name": "Steel Freight \u2014 TATA to NDLS"}, {"train": "58201", "train_number": "58201", "start": 5405, "end": 7752, "scheduled_arrival": 5405, "delay_minutes": 0, "action": "PROCEED", "train_name": "Cement Freight \u2014 KTE to NDLS"}, {"train": "58301", "train_number": "58301", "start": 7752, "end": 9294, "scheduled_arrival": 7205, "delay_minutes": 547, "action": "REROUTE", "train_name": "Ore Freight \u2014 Rourkela to Bokaro"}, {"train": "12301", "train_number": "12301", "start": 10803, "end": 11757, "scheduled_arrival": 10803, "delay_minutes": 0, "action": "PROCEED", "train_name": "Howrah Rajdhani Express"}, {"train": "12002", "train_number": "12002", "start": 11757, "end": 12781, "scheduled_arrival": 11703, "delay_minutes": 54, "action": "REROUTE", "train_name": "Bhopal Shatabdi Express"}, {"train": "11077", "train_number": "11077", "start": 14404, "end": 15969, "scheduled_arrival": 14404, "delay_minutes": 0, "action": "PROCEED", "train_name": "Jhelum Express"}, {"train": "12627", "train_number": "12627", "start": 17103, "end": 18176, "scheduled_arrival": 17103, "delay_minutes": 0, "action": "PROCEED", "train_name": "Karnataka Express"}, {"train": "63107", "train_number": "63107", "start": 18176, "end": 18512, "scheduled_arrival": 18004, "delay_minutes": 172, "action": "REROUTE", "train_name": "NDLS-GZB EMU Local"}, {"train": "22691", "train_number": "22691", "start": 19803, "end": 20782, "scheduled_arrival": 19803, "delay_minutes": 0, "action": "PROCEED", "train_name": "Rajdhani Express (Bengaluru)"}, {"train": "12910", "train_number": "12910", "start": 22203, "end": 23483, "scheduled_arrival": 22203, "delay_minutes": 0, "action": "PROCEED", "train_name": "Garib Rath Express"}, {"train": "12049", "train_number": "12049", "start": 25803, "end": 26090, "scheduled_arrival": 25803, "delay_minutes": 0, "action": "PROCEED", "train_name": "Gatimaan Express"}, {"train": "14311", "train_number": "14311", "start": 30604, "end": 32498, "scheduled_arrival": 30604, "delay_minutes": 0, "action": "PROCEED", "train_name": "Ala Hazrat Express"}, {"train": "12951", "train_number": "12951", "start": 48303, "end": 49452, "scheduled_arrival": 48303, "delay_minutes": 0, "action": "PROCEED", "train_name": "Mumbai Rajdhani Express"}, {"train": "12431", "train_number": "12431", "start": 61203, "end": 63081, "scheduled_arrival": 61203, "delay_minutes": 0, "action": "PROCEED", "train_name": "Trivandrum Rajdhani Express"}, {"train": "04061", "train_number": "04061", "start": 63081, "end": 65394, "scheduled_arrival": 61924, "delay_minutes": 1157, "action": "REROUTE", "train_name": "Track Inspection Special"}], "simulation_id": null}', 'U-001', '2026-03-15 07:21:49.377829');
INSERT INTO public.simulation_results VALUES (24, 'ENGINE_BREAKDOWN', 'GWL', 120, 'MINIMIZE_DELAY', 3, 0, -3, 0, '{"status": "OPTIMAL", "baseline_delay": 3, "optimized_delay": 0, "delay_delta": -3, "throughput_change": 100.0, "conflicts_avoided": 0, "actions": [{"train": "04061", "action": "PROCEED", "delta": -3}], "schedule": [{"train": "04061", "train_number": "04061", "start": 3, "end": 2316, "scheduled_arrival": 3, "delay_minutes": 0, "action": "PROCEED", "train_name": "Track Inspection Special"}], "simulation_id": null}', 'U-001', '2026-03-15 07:22:28.901296');


--
-- Name: audit_log_id_seq; Type: SEQUENCE SET; Schema: public; Owner: postgres
--

SELECT pg_catalog.setval('public.audit_log_id_seq', 30, true);


--
-- Name: schedules_id_seq; Type: SEQUENCE SET; Schema: public; Owner: postgres
--

SELECT pg_catalog.setval('public.schedules_id_seq', 91, true);


--
-- Name: simulation_results_id_seq; Type: SEQUENCE SET; Schema: public; Owner: postgres
--

SELECT pg_catalog.setval('public.simulation_results_id_seq', 24, true);


--
-- PostgreSQL database dump complete
--

\unrestrict 8xmWLUee8dd4Vy9alVmpcxKG2XeMpFNXze1l6O2AVN4Pcc4IRn5pII4hxwhceu4

